--------------------------------------------------------
--  File created - Thursday-January-14-2021   
--------------------------------------------------------
--------------------------------------------------------
--  DDL for Sequence CAFE_CAFE_ID_SEQ
--------------------------------------------------------

   CREATE SEQUENCE  "CAFE"."CAFE_CAFE_ID_SEQ"  MINVALUE 1 MAXVALUE 9999999999999999999999999999 INCREMENT BY 1 START WITH 21 NOCACHE  ORDER  NOCYCLE ;
--------------------------------------------------------
--  DDL for Sequence CAFE_ID_SEQ
--------------------------------------------------------

   CREATE SEQUENCE  "CAFE"."CAFE_ID_SEQ"  MINVALUE 1 MAXVALUE 9999999999999999999999999999 INCREMENT BY 1 START WITH 25 NOCACHE  ORDER  NOCYCLE ;
--------------------------------------------------------
--  DDL for Sequence CHARITY_CHARITY_ID_SEQ
--------------------------------------------------------

   CREATE SEQUENCE  "CAFE"."CHARITY_CHARITY_ID_SEQ"  MINVALUE 1 MAXVALUE 9999999999999999999999999999 INCREMENT BY 1 START WITH 2 NOCACHE  ORDER  NOCYCLE ;
--------------------------------------------------------
--  DDL for Sequence CHARITY_ID_SEQ
--------------------------------------------------------

   CREATE SEQUENCE  "CAFE"."CHARITY_ID_SEQ"  MINVALUE 1 MAXVALUE 9999999999999999999999999999 INCREMENT BY 1 START WITH 1 NOCACHE  ORDER  NOCYCLE ;
--------------------------------------------------------
--  DDL for Sequence FOOD_FOOD_ID_SEQ
--------------------------------------------------------

   CREATE SEQUENCE  "CAFE"."FOOD_FOOD_ID_SEQ"  MINVALUE 1 MAXVALUE 9999999999999999999999999999 INCREMENT BY 1 START WITH 68 NOCACHE  ORDER  NOCYCLE ;
--------------------------------------------------------
--  DDL for Sequence FOOD_ID_SEQ
--------------------------------------------------------

   CREATE SEQUENCE  "CAFE"."FOOD_ID_SEQ"  MINVALUE 1 MAXVALUE 9999999999999999999999999999 INCREMENT BY 1 START WITH 1 NOCACHE  ORDER  NOCYCLE ;
--------------------------------------------------------
--  DDL for Sequence ORDER_ID_SEQ
--------------------------------------------------------

   CREATE SEQUENCE  "CAFE"."ORDER_ID_SEQ"  MINVALUE 1 MAXVALUE 9999999999999999999999999999 INCREMENT BY 1 START WITH 1 NOCACHE  ORDER  NOCYCLE ;
--------------------------------------------------------
--  DDL for Sequence ORDER_ORDER_ID_SEQ
--------------------------------------------------------

   CREATE SEQUENCE  "CAFE"."ORDER_ORDER_ID_SEQ"  MINVALUE 1 MAXVALUE 9999999999999999999999999999 INCREMENT BY 1 START WITH 1 NOCACHE  ORDER  NOCYCLE ;
--------------------------------------------------------
--  DDL for Sequence PERSON_ID_SEQ
--------------------------------------------------------

   CREATE SEQUENCE  "CAFE"."PERSON_ID_SEQ"  MINVALUE 1 MAXVALUE 9999999999999999999999999999 INCREMENT BY 1 START WITH 1 NOCACHE  ORDER  NOCYCLE ;
--------------------------------------------------------
--  DDL for Sequence PERSON_PERSON_ID_SEQ
--------------------------------------------------------

   CREATE SEQUENCE  "CAFE"."PERSON_PERSON_ID_SEQ"  MINVALUE 1 MAXVALUE 9999999999999999999999999999 INCREMENT BY 1 START WITH 1 NOCACHE  ORDER  NOCYCLE ;
--------------------------------------------------------
--  DDL for Sequence PRIZE_ID_SEQ
--------------------------------------------------------

   CREATE SEQUENCE  "CAFE"."PRIZE_ID_SEQ"  MINVALUE 1 MAXVALUE 9999999999999999999999999999 INCREMENT BY 1 START WITH 1 NOCACHE  ORDER  NOCYCLE ;
--------------------------------------------------------
--  DDL for Sequence PRIZE_PRIZE_ID_SEQ
--------------------------------------------------------

   CREATE SEQUENCE  "CAFE"."PRIZE_PRIZE_ID_SEQ"  MINVALUE 1 MAXVALUE 9999999999999999999999999999 INCREMENT BY 1 START WITH 1 NOCACHE  ORDER  NOCYCLE ;
--------------------------------------------------------
--  DDL for Table ADDRESS
--------------------------------------------------------

  CREATE TABLE "CAFE"."ADDRESS" 
   (	"BUILDING_NUMBER" NUMBER(*,0), 
	"STREET" VARCHAR2(100 BYTE), 
	"CITY" VARCHAR2(100 BYTE)
   ) SEGMENT CREATION IMMEDIATE 
  PCTFREE 10 PCTUSED 40 INITRANS 1 MAXTRANS 255 NOCOMPRESS LOGGING
  STORAGE(INITIAL 65536 NEXT 1048576 MINEXTENTS 1 MAXEXTENTS 2147483645
  PCTINCREASE 0 FREELISTS 1 FREELIST GROUPS 1 BUFFER_POOL DEFAULT FLASH_CACHE DEFAULT CELL_FLASH_CACHE DEFAULT)
  TABLESPACE "TBS_PERM_01" ;
--------------------------------------------------------
--  DDL for Table CAFE
--------------------------------------------------------

  CREATE TABLE "CAFE"."CAFE" 
   (	"CAFE_ID" NUMBER(*,0), 
	"CAFE_NAME" VARCHAR2(100 BYTE), 
	"BUILDING_NUMBER" NUMBER(*,0), 
	"BALANCE" NUMBER(*,0)
   ) SEGMENT CREATION IMMEDIATE 
  PCTFREE 10 PCTUSED 40 INITRANS 1 MAXTRANS 255 NOCOMPRESS LOGGING
  STORAGE(INITIAL 65536 NEXT 1048576 MINEXTENTS 1 MAXEXTENTS 2147483645
  PCTINCREASE 0 FREELISTS 1 FREELIST GROUPS 1 BUFFER_POOL DEFAULT FLASH_CACHE DEFAULT CELL_FLASH_CACHE DEFAULT)
  TABLESPACE "TBS_PERM_01" ;
--------------------------------------------------------
--  DDL for Table CAFE_HAS_FOOD
--------------------------------------------------------

  CREATE TABLE "CAFE"."CAFE_HAS_FOOD" 
   (	"CAFE_ID" NUMBER(*,0), 
	"FOOD_ID" NUMBER(*,0), 
	"PRICE" NUMBER(*,0)
   ) SEGMENT CREATION IMMEDIATE 
  PCTFREE 10 PCTUSED 40 INITRANS 1 MAXTRANS 255 NOCOMPRESS LOGGING
  STORAGE(INITIAL 65536 NEXT 1048576 MINEXTENTS 1 MAXEXTENTS 2147483645
  PCTINCREASE 0 FREELISTS 1 FREELIST GROUPS 1 BUFFER_POOL DEFAULT FLASH_CACHE DEFAULT CELL_FLASH_CACHE DEFAULT)
  TABLESPACE "TBS_PERM_01" ;
--------------------------------------------------------
--  DDL for Table CHARITY
--------------------------------------------------------

  CREATE TABLE "CAFE"."CHARITY" 
   (	"CHARITY_ID" NUMBER(*,0), 
	"NAME" VARCHAR2(100 BYTE), 
	"TOTAL_DONATIONS" NUMBER(*,0)
   ) SEGMENT CREATION IMMEDIATE 
  PCTFREE 10 PCTUSED 40 INITRANS 1 MAXTRANS 255 NOCOMPRESS LOGGING
  STORAGE(INITIAL 65536 NEXT 1048576 MINEXTENTS 1 MAXEXTENTS 2147483645
  PCTINCREASE 0 FREELISTS 1 FREELIST GROUPS 1 BUFFER_POOL DEFAULT FLASH_CACHE DEFAULT CELL_FLASH_CACHE DEFAULT)
  TABLESPACE "TBS_PERM_01" ;
--------------------------------------------------------
--  DDL for Table CUSTOMER
--------------------------------------------------------

  CREATE TABLE "CAFE"."CUSTOMER" 
   (	"PERSON_ID" NUMBER(*,0)
   ) SEGMENT CREATION DEFERRED 
  PCTFREE 10 PCTUSED 40 INITRANS 1 MAXTRANS 255 NOCOMPRESS LOGGING
  TABLESPACE "TBS_PERM_01" ;
--------------------------------------------------------
--  DDL for Table DISCOUNT
--------------------------------------------------------

  CREATE TABLE "CAFE"."DISCOUNT" 
   (	"DISCOUNT_PERCENTAGE" NUMBER(*,0), 
	"CODE" VARCHAR2(10 BYTE), 
	"PRICE" NUMBER(*,0)
   ) SEGMENT CREATION IMMEDIATE 
  PCTFREE 10 PCTUSED 40 INITRANS 1 MAXTRANS 255 NOCOMPRESS LOGGING
  STORAGE(INITIAL 65536 NEXT 1048576 MINEXTENTS 1 MAXEXTENTS 2147483645
  PCTINCREASE 0 FREELISTS 1 FREELIST GROUPS 1 BUFFER_POOL DEFAULT FLASH_CACHE DEFAULT CELL_FLASH_CACHE DEFAULT)
  TABLESPACE "TBS_PERM_01" ;
--------------------------------------------------------
--  DDL for Table DONATIONS
--------------------------------------------------------

  CREATE TABLE "CAFE"."DONATIONS" 
   (	"ID" NUMBER(*,0), 
	"CAFE_ID" NUMBER(*,0), 
	"CHARITY_ID" NUMBER(*,0), 
	"AMOUNT" NUMBER(*,0)
   ) SEGMENT CREATION IMMEDIATE 
  PCTFREE 10 PCTUSED 40 INITRANS 1 MAXTRANS 255 NOCOMPRESS LOGGING
  STORAGE(INITIAL 65536 NEXT 1048576 MINEXTENTS 1 MAXEXTENTS 2147483645
  PCTINCREASE 0 FREELISTS 1 FREELIST GROUPS 1 BUFFER_POOL DEFAULT FLASH_CACHE DEFAULT CELL_FLASH_CACHE DEFAULT)
  TABLESPACE "TBS_PERM_01" ;
--------------------------------------------------------
--  DDL for Table FOOD
--------------------------------------------------------

  CREATE TABLE "CAFE"."FOOD" 
   (	"FOOD_ID" NUMBER(*,0), 
	"NAME" VARCHAR2(100 BYTE), 
	"TYPE" VARCHAR2(100 BYTE)
   ) SEGMENT CREATION IMMEDIATE 
  PCTFREE 10 PCTUSED 40 INITRANS 1 MAXTRANS 255 NOCOMPRESS LOGGING
  STORAGE(INITIAL 65536 NEXT 1048576 MINEXTENTS 1 MAXEXTENTS 2147483645
  PCTINCREASE 0 FREELISTS 1 FREELIST GROUPS 1 BUFFER_POOL DEFAULT FLASH_CACHE DEFAULT CELL_FLASH_CACHE DEFAULT)
  TABLESPACE "TBS_PERM_01" ;
--------------------------------------------------------
--  DDL for Table FOOD_IN_ORDER
--------------------------------------------------------

  CREATE TABLE "CAFE"."FOOD_IN_ORDER" 
   (	"ORDER_ID" NUMBER(*,0), 
	"FOOD_ID" NUMBER(*,0), 
	"CAFE_ID" NUMBER(*,0), 
	"QUANTITY" NUMBER(*,0)
   ) SEGMENT CREATION IMMEDIATE 
  PCTFREE 10 PCTUSED 40 INITRANS 1 MAXTRANS 255 NOCOMPRESS LOGGING
  STORAGE(INITIAL 65536 NEXT 1048576 MINEXTENTS 1 MAXEXTENTS 2147483645
  PCTINCREASE 0 FREELISTS 1 FREELIST GROUPS 1 BUFFER_POOL DEFAULT FLASH_CACHE DEFAULT CELL_FLASH_CACHE DEFAULT)
  TABLESPACE "TBS_PERM_01" ;
--------------------------------------------------------
--  DDL for Table MEMBER
--------------------------------------------------------

  CREATE TABLE "CAFE"."MEMBER" 
   (	"PERSON_ID" NUMBER(*,0), 
	"BUILDING_NUMBER" NUMBER(*,0), 
	"POINTS" NUMBER(*,0)
   ) SEGMENT CREATION IMMEDIATE 
  PCTFREE 10 PCTUSED 40 INITRANS 1 MAXTRANS 255 NOCOMPRESS LOGGING
  STORAGE(INITIAL 65536 NEXT 1048576 MINEXTENTS 1 MAXEXTENTS 2147483645
  PCTINCREASE 0 FREELISTS 1 FREELIST GROUPS 1 BUFFER_POOL DEFAULT FLASH_CACHE DEFAULT CELL_FLASH_CACHE DEFAULT)
  TABLESPACE "TBS_PERM_01" ;
--------------------------------------------------------
--  DDL for Table MEMBER_BUYS_PRIZE
--------------------------------------------------------

  CREATE TABLE "CAFE"."MEMBER_BUYS_PRIZE" 
   (	"PERSON_ID" NUMBER(*,0), 
	"PRIZE_ID" NUMBER(*,0)
   ) SEGMENT CREATION IMMEDIATE 
  PCTFREE 10 PCTUSED 40 INITRANS 1 MAXTRANS 255 NOCOMPRESS LOGGING
  STORAGE(INITIAL 65536 NEXT 1048576 MINEXTENTS 1 MAXEXTENTS 2147483645
  PCTINCREASE 0 FREELISTS 1 FREELIST GROUPS 1 BUFFER_POOL DEFAULT FLASH_CACHE DEFAULT CELL_FLASH_CACHE DEFAULT)
  TABLESPACE "TBS_PERM_01" ;
--------------------------------------------------------
--  DDL for Table MEMBER_HAS_DISCOUNT
--------------------------------------------------------

  CREATE TABLE "CAFE"."MEMBER_HAS_DISCOUNT" 
   (	"CODE" VARCHAR2(10 BYTE), 
	"PERSON_ID" NUMBER(*,0)
   ) SEGMENT CREATION IMMEDIATE 
  PCTFREE 10 PCTUSED 40 INITRANS 1 MAXTRANS 255 NOCOMPRESS LOGGING
  STORAGE(INITIAL 65536 NEXT 1048576 MINEXTENTS 1 MAXEXTENTS 2147483645
  PCTINCREASE 0 FREELISTS 1 FREELIST GROUPS 1 BUFFER_POOL DEFAULT FLASH_CACHE DEFAULT CELL_FLASH_CACHE DEFAULT)
  TABLESPACE "TBS_PERM_01" ;
--------------------------------------------------------
--  DDL for Table ORDERS
--------------------------------------------------------

  CREATE TABLE "CAFE"."ORDERS" 
   (	"ORDER_ID" NUMBER(*,0), 
	"PERSON_ID" NUMBER(*,0), 
	"BILL" NUMBER(*,0), 
	"ORDER_DATE" DATE
   ) SEGMENT CREATION IMMEDIATE 
  PCTFREE 10 PCTUSED 40 INITRANS 1 MAXTRANS 255 NOCOMPRESS LOGGING
  STORAGE(INITIAL 65536 NEXT 1048576 MINEXTENTS 1 MAXEXTENTS 2147483645
  PCTINCREASE 0 FREELISTS 1 FREELIST GROUPS 1 BUFFER_POOL DEFAULT FLASH_CACHE DEFAULT CELL_FLASH_CACHE DEFAULT)
  TABLESPACE "TBS_PERM_01" ;
--------------------------------------------------------
--  DDL for Table PERSON
--------------------------------------------------------

  CREATE TABLE "CAFE"."PERSON" 
   (	"PERSON_ID" NUMBER(*,0), 
	"NAME" VARCHAR2(100 BYTE), 
	"PHONE" NUMBER(*,0)
   ) SEGMENT CREATION IMMEDIATE 
  PCTFREE 10 PCTUSED 40 INITRANS 1 MAXTRANS 255 NOCOMPRESS LOGGING
  STORAGE(INITIAL 65536 NEXT 1048576 MINEXTENTS 1 MAXEXTENTS 2147483645
  PCTINCREASE 0 FREELISTS 1 FREELIST GROUPS 1 BUFFER_POOL DEFAULT FLASH_CACHE DEFAULT CELL_FLASH_CACHE DEFAULT)
  TABLESPACE "TBS_PERM_01" ;
--------------------------------------------------------
--  DDL for Table PRIZE
--------------------------------------------------------

  CREATE TABLE "CAFE"."PRIZE" 
   (	"PRIZE_ID" NUMBER(*,0), 
	"NAME" VARCHAR2(100 BYTE), 
	"POINTS_PRICE" NUMBER(*,0)
   ) SEGMENT CREATION IMMEDIATE 
  PCTFREE 10 PCTUSED 40 INITRANS 1 MAXTRANS 255 NOCOMPRESS LOGGING
  STORAGE(INITIAL 65536 NEXT 1048576 MINEXTENTS 1 MAXEXTENTS 2147483645
  PCTINCREASE 0 FREELISTS 1 FREELIST GROUPS 1 BUFFER_POOL DEFAULT FLASH_CACHE DEFAULT CELL_FLASH_CACHE DEFAULT)
  TABLESPACE "TBS_PERM_01" ;
--------------------------------------------------------
--  DDL for Table PROFIT
--------------------------------------------------------

  CREATE TABLE "CAFE"."PROFIT" 
   (	"CAFE_ID" NUMBER(*,0), 
	"CAFE_PROFIT" NUMBER(*,0), 
	"PROFIT_MONTH" DATE
   ) SEGMENT CREATION IMMEDIATE 
  PCTFREE 10 PCTUSED 40 INITRANS 1 MAXTRANS 255 NOCOMPRESS LOGGING
  STORAGE(INITIAL 65536 NEXT 1048576 MINEXTENTS 1 MAXEXTENTS 2147483645
  PCTINCREASE 0 FREELISTS 1 FREELIST GROUPS 1 BUFFER_POOL DEFAULT FLASH_CACHE DEFAULT CELL_FLASH_CACHE DEFAULT)
  TABLESPACE "TBS_PERM_01" ;
REM INSERTING into CAFE.ADDRESS
SET DEFINE OFF;
Insert into CAFE.ADDRESS (BUILDING_NUMBER,STREET,CITY) values (101,'G-9 Markaz','Islamabad');
Insert into CAFE.ADDRESS (BUILDING_NUMBER,STREET,CITY) values (102,'Street 31 G-9/2','Islamabad');
Insert into CAFE.ADDRESS (BUILDING_NUMBER,STREET,CITY) values (103,'E-11 Markaz','Islamabad');
Insert into CAFE.ADDRESS (BUILDING_NUMBER,STREET,CITY) values (104,'Street 35 G-9/4','Islamabad');
Insert into CAFE.ADDRESS (BUILDING_NUMBER,STREET,CITY) values (105,'Street 18 F-7/1','Islamabad');
Insert into CAFE.ADDRESS (BUILDING_NUMBER,STREET,CITY) values (106,'F-8 Markaz','Islamabad');
Insert into CAFE.ADDRESS (BUILDING_NUMBER,STREET,CITY) values (107,'Street 08 H-8/4','Islamabad');
Insert into CAFE.ADDRESS (BUILDING_NUMBER,STREET,CITY) values (108,'G-6 Markaz','Islamabad');
Insert into CAFE.ADDRESS (BUILDING_NUMBER,STREET,CITY) values (109,'F-7 Markaz','Islamabad');
Insert into CAFE.ADDRESS (BUILDING_NUMBER,STREET,CITY) values (110,'Street 21 I-8/1','Islamabad');
Insert into CAFE.ADDRESS (BUILDING_NUMBER,STREET,CITY) values (2110,'Street 10 G-6/3','Islamabad');
Insert into CAFE.ADDRESS (BUILDING_NUMBER,STREET,CITY) values (435,'st43','isl');
REM INSERTING into CAFE.CAFE
SET DEFINE OFF;
Insert into CAFE.CAFE (CAFE_ID,CAFE_NAME,BUILDING_NUMBER,BALANCE) values (1,'The Oceanic Moon',101,530);
Insert into CAFE.CAFE (CAFE_ID,CAFE_NAME,BUILDING_NUMBER,BALANCE) values (2,'Busy Bean Cafe',102,0);
Insert into CAFE.CAFE (CAFE_ID,CAFE_NAME,BUILDING_NUMBER,BALANCE) values (3,'In and Out Diner',103,0);
Insert into CAFE.CAFE (CAFE_ID,CAFE_NAME,BUILDING_NUMBER,BALANCE) values (4,'Java Junction Bistro',104,0);
Insert into CAFE.CAFE (CAFE_ID,CAFE_NAME,BUILDING_NUMBER,BALANCE) values (5,'See you Latte Cafe',105,0);
Insert into CAFE.CAFE (CAFE_ID,CAFE_NAME,BUILDING_NUMBER,BALANCE) values (6,'Fatty Edens Place',106,0);
Insert into CAFE.CAFE (CAFE_ID,CAFE_NAME,BUILDING_NUMBER,BALANCE) values (7,'Light Magnifica',107,0);
Insert into CAFE.CAFE (CAFE_ID,CAFE_NAME,BUILDING_NUMBER,BALANCE) values (8,'Mug Shot Cafe',108,0);
Insert into CAFE.CAFE (CAFE_ID,CAFE_NAME,BUILDING_NUMBER,BALANCE) values (9,'Sweet Station Cafe',109,0);
Insert into CAFE.CAFE (CAFE_ID,CAFE_NAME,BUILDING_NUMBER,BALANCE) values (10,'Happy Enigma Cafe',110,0);
REM INSERTING into CAFE.CAFE_HAS_FOOD
SET DEFINE OFF;
Insert into CAFE.CAFE_HAS_FOOD (CAFE_ID,FOOD_ID,PRICE) values (1,1,150);
Insert into CAFE.CAFE_HAS_FOOD (CAFE_ID,FOOD_ID,PRICE) values (1,2,200);
Insert into CAFE.CAFE_HAS_FOOD (CAFE_ID,FOOD_ID,PRICE) values (1,3,50);
Insert into CAFE.CAFE_HAS_FOOD (CAFE_ID,FOOD_ID,PRICE) values (1,4,70);
Insert into CAFE.CAFE_HAS_FOOD (CAFE_ID,FOOD_ID,PRICE) values (1,5,150);
Insert into CAFE.CAFE_HAS_FOOD (CAFE_ID,FOOD_ID,PRICE) values (1,6,50);
Insert into CAFE.CAFE_HAS_FOOD (CAFE_ID,FOOD_ID,PRICE) values (1,7,50);
Insert into CAFE.CAFE_HAS_FOOD (CAFE_ID,FOOD_ID,PRICE) values (1,8,100);
Insert into CAFE.CAFE_HAS_FOOD (CAFE_ID,FOOD_ID,PRICE) values (1,10,100);
Insert into CAFE.CAFE_HAS_FOOD (CAFE_ID,FOOD_ID,PRICE) values (1,13,50);
Insert into CAFE.CAFE_HAS_FOOD (CAFE_ID,FOOD_ID,PRICE) values (1,14,30);
Insert into CAFE.CAFE_HAS_FOOD (CAFE_ID,FOOD_ID,PRICE) values (1,18,250);
Insert into CAFE.CAFE_HAS_FOOD (CAFE_ID,FOOD_ID,PRICE) values (1,28,70);
Insert into CAFE.CAFE_HAS_FOOD (CAFE_ID,FOOD_ID,PRICE) values (1,29,100);
Insert into CAFE.CAFE_HAS_FOOD (CAFE_ID,FOOD_ID,PRICE) values (1,30,100);
Insert into CAFE.CAFE_HAS_FOOD (CAFE_ID,FOOD_ID,PRICE) values (1,31,120);
Insert into CAFE.CAFE_HAS_FOOD (CAFE_ID,FOOD_ID,PRICE) values (1,32,100);
Insert into CAFE.CAFE_HAS_FOOD (CAFE_ID,FOOD_ID,PRICE) values (2,1,150);
Insert into CAFE.CAFE_HAS_FOOD (CAFE_ID,FOOD_ID,PRICE) values (2,3,50);
Insert into CAFE.CAFE_HAS_FOOD (CAFE_ID,FOOD_ID,PRICE) values (2,4,100);
Insert into CAFE.CAFE_HAS_FOOD (CAFE_ID,FOOD_ID,PRICE) values (2,6,50);
Insert into CAFE.CAFE_HAS_FOOD (CAFE_ID,FOOD_ID,PRICE) values (2,7,50);
Insert into CAFE.CAFE_HAS_FOOD (CAFE_ID,FOOD_ID,PRICE) values (2,8,120);
Insert into CAFE.CAFE_HAS_FOOD (CAFE_ID,FOOD_ID,PRICE) values (2,9,150);
Insert into CAFE.CAFE_HAS_FOOD (CAFE_ID,FOOD_ID,PRICE) values (2,10,100);
Insert into CAFE.CAFE_HAS_FOOD (CAFE_ID,FOOD_ID,PRICE) values (2,14,40);
Insert into CAFE.CAFE_HAS_FOOD (CAFE_ID,FOOD_ID,PRICE) values (2,19,300);
Insert into CAFE.CAFE_HAS_FOOD (CAFE_ID,FOOD_ID,PRICE) values (2,20,500);
Insert into CAFE.CAFE_HAS_FOOD (CAFE_ID,FOOD_ID,PRICE) values (2,21,700);
Insert into CAFE.CAFE_HAS_FOOD (CAFE_ID,FOOD_ID,PRICE) values (2,23,80);
Insert into CAFE.CAFE_HAS_FOOD (CAFE_ID,FOOD_ID,PRICE) values (2,25,120);
Insert into CAFE.CAFE_HAS_FOOD (CAFE_ID,FOOD_ID,PRICE) values (2,28,100);
Insert into CAFE.CAFE_HAS_FOOD (CAFE_ID,FOOD_ID,PRICE) values (3,1,150);
Insert into CAFE.CAFE_HAS_FOOD (CAFE_ID,FOOD_ID,PRICE) values (3,3,70);
Insert into CAFE.CAFE_HAS_FOOD (CAFE_ID,FOOD_ID,PRICE) values (3,4,100);
Insert into CAFE.CAFE_HAS_FOOD (CAFE_ID,FOOD_ID,PRICE) values (3,5,200);
Insert into CAFE.CAFE_HAS_FOOD (CAFE_ID,FOOD_ID,PRICE) values (3,6,40);
Insert into CAFE.CAFE_HAS_FOOD (CAFE_ID,FOOD_ID,PRICE) values (3,7,40);
Insert into CAFE.CAFE_HAS_FOOD (CAFE_ID,FOOD_ID,PRICE) values (3,8,100);
Insert into CAFE.CAFE_HAS_FOOD (CAFE_ID,FOOD_ID,PRICE) values (3,10,90);
Insert into CAFE.CAFE_HAS_FOOD (CAFE_ID,FOOD_ID,PRICE) values (3,11,200);
Insert into CAFE.CAFE_HAS_FOOD (CAFE_ID,FOOD_ID,PRICE) values (3,12,100);
Insert into CAFE.CAFE_HAS_FOOD (CAFE_ID,FOOD_ID,PRICE) values (3,13,50);
Insert into CAFE.CAFE_HAS_FOOD (CAFE_ID,FOOD_ID,PRICE) values (3,14,50);
Insert into CAFE.CAFE_HAS_FOOD (CAFE_ID,FOOD_ID,PRICE) values (3,16,150);
Insert into CAFE.CAFE_HAS_FOOD (CAFE_ID,FOOD_ID,PRICE) values (3,23,130);
Insert into CAFE.CAFE_HAS_FOOD (CAFE_ID,FOOD_ID,PRICE) values (3,24,170);
Insert into CAFE.CAFE_HAS_FOOD (CAFE_ID,FOOD_ID,PRICE) values (3,25,130);
Insert into CAFE.CAFE_HAS_FOOD (CAFE_ID,FOOD_ID,PRICE) values (3,26,150);
Insert into CAFE.CAFE_HAS_FOOD (CAFE_ID,FOOD_ID,PRICE) values (3,27,350);
Insert into CAFE.CAFE_HAS_FOOD (CAFE_ID,FOOD_ID,PRICE) values (4,1,150);
Insert into CAFE.CAFE_HAS_FOOD (CAFE_ID,FOOD_ID,PRICE) values (4,2,250);
Insert into CAFE.CAFE_HAS_FOOD (CAFE_ID,FOOD_ID,PRICE) values (4,4,120);
Insert into CAFE.CAFE_HAS_FOOD (CAFE_ID,FOOD_ID,PRICE) values (4,5,220);
Insert into CAFE.CAFE_HAS_FOOD (CAFE_ID,FOOD_ID,PRICE) values (4,8,120);
Insert into CAFE.CAFE_HAS_FOOD (CAFE_ID,FOOD_ID,PRICE) values (4,9,150);
Insert into CAFE.CAFE_HAS_FOOD (CAFE_ID,FOOD_ID,PRICE) values (4,11,170);
Insert into CAFE.CAFE_HAS_FOOD (CAFE_ID,FOOD_ID,PRICE) values (4,12,100);
Insert into CAFE.CAFE_HAS_FOOD (CAFE_ID,FOOD_ID,PRICE) values (4,13,50);
Insert into CAFE.CAFE_HAS_FOOD (CAFE_ID,FOOD_ID,PRICE) values (4,15,230);
Insert into CAFE.CAFE_HAS_FOOD (CAFE_ID,FOOD_ID,PRICE) values (4,16,200);
Insert into CAFE.CAFE_HAS_FOOD (CAFE_ID,FOOD_ID,PRICE) values (4,17,180);
Insert into CAFE.CAFE_HAS_FOOD (CAFE_ID,FOOD_ID,PRICE) values (4,18,250);
Insert into CAFE.CAFE_HAS_FOOD (CAFE_ID,FOOD_ID,PRICE) values (4,23,130);
Insert into CAFE.CAFE_HAS_FOOD (CAFE_ID,FOOD_ID,PRICE) values (5,1,170);
Insert into CAFE.CAFE_HAS_FOOD (CAFE_ID,FOOD_ID,PRICE) values (5,2,200);
Insert into CAFE.CAFE_HAS_FOOD (CAFE_ID,FOOD_ID,PRICE) values (5,4,100);
Insert into CAFE.CAFE_HAS_FOOD (CAFE_ID,FOOD_ID,PRICE) values (5,6,50);
Insert into CAFE.CAFE_HAS_FOOD (CAFE_ID,FOOD_ID,PRICE) values (5,7,50);
Insert into CAFE.CAFE_HAS_FOOD (CAFE_ID,FOOD_ID,PRICE) values (5,8,100);
Insert into CAFE.CAFE_HAS_FOOD (CAFE_ID,FOOD_ID,PRICE) values (5,11,140);
Insert into CAFE.CAFE_HAS_FOOD (CAFE_ID,FOOD_ID,PRICE) values (5,12,170);
Insert into CAFE.CAFE_HAS_FOOD (CAFE_ID,FOOD_ID,PRICE) values (5,13,100);
Insert into CAFE.CAFE_HAS_FOOD (CAFE_ID,FOOD_ID,PRICE) values (5,14,50);
Insert into CAFE.CAFE_HAS_FOOD (CAFE_ID,FOOD_ID,PRICE) values (5,15,250);
Insert into CAFE.CAFE_HAS_FOOD (CAFE_ID,FOOD_ID,PRICE) values (5,16,120);
Insert into CAFE.CAFE_HAS_FOOD (CAFE_ID,FOOD_ID,PRICE) values (5,19,350);
Insert into CAFE.CAFE_HAS_FOOD (CAFE_ID,FOOD_ID,PRICE) values (5,20,550);
Insert into CAFE.CAFE_HAS_FOOD (CAFE_ID,FOOD_ID,PRICE) values (5,21,750);
Insert into CAFE.CAFE_HAS_FOOD (CAFE_ID,FOOD_ID,PRICE) values (5,22,70);
Insert into CAFE.CAFE_HAS_FOOD (CAFE_ID,FOOD_ID,PRICE) values (5,23,100);
Insert into CAFE.CAFE_HAS_FOOD (CAFE_ID,FOOD_ID,PRICE) values (5,24,180);
Insert into CAFE.CAFE_HAS_FOOD (CAFE_ID,FOOD_ID,PRICE) values (5,25,150);
Insert into CAFE.CAFE_HAS_FOOD (CAFE_ID,FOOD_ID,PRICE) values (5,28,100);
Insert into CAFE.CAFE_HAS_FOOD (CAFE_ID,FOOD_ID,PRICE) values (5,31,150);
Insert into CAFE.CAFE_HAS_FOOD (CAFE_ID,FOOD_ID,PRICE) values (5,32,130);
Insert into CAFE.CAFE_HAS_FOOD (CAFE_ID,FOOD_ID,PRICE) values (6,1,170);
Insert into CAFE.CAFE_HAS_FOOD (CAFE_ID,FOOD_ID,PRICE) values (6,2,240);
Insert into CAFE.CAFE_HAS_FOOD (CAFE_ID,FOOD_ID,PRICE) values (6,3,70);
Insert into CAFE.CAFE_HAS_FOOD (CAFE_ID,FOOD_ID,PRICE) values (6,4,120);
Insert into CAFE.CAFE_HAS_FOOD (CAFE_ID,FOOD_ID,PRICE) values (6,5,270);
Insert into CAFE.CAFE_HAS_FOOD (CAFE_ID,FOOD_ID,PRICE) values (6,6,70);
Insert into CAFE.CAFE_HAS_FOOD (CAFE_ID,FOOD_ID,PRICE) values (6,7,70);
Insert into CAFE.CAFE_HAS_FOOD (CAFE_ID,FOOD_ID,PRICE) values (6,8,150);
Insert into CAFE.CAFE_HAS_FOOD (CAFE_ID,FOOD_ID,PRICE) values (6,9,170);
Insert into CAFE.CAFE_HAS_FOOD (CAFE_ID,FOOD_ID,PRICE) values (6,10,150);
Insert into CAFE.CAFE_HAS_FOOD (CAFE_ID,FOOD_ID,PRICE) values (6,11,250);
Insert into CAFE.CAFE_HAS_FOOD (CAFE_ID,FOOD_ID,PRICE) values (6,13,230);
Insert into CAFE.CAFE_HAS_FOOD (CAFE_ID,FOOD_ID,PRICE) values (6,16,170);
Insert into CAFE.CAFE_HAS_FOOD (CAFE_ID,FOOD_ID,PRICE) values (6,19,350);
Insert into CAFE.CAFE_HAS_FOOD (CAFE_ID,FOOD_ID,PRICE) values (6,20,500);
Insert into CAFE.CAFE_HAS_FOOD (CAFE_ID,FOOD_ID,PRICE) values (6,21,800);
Insert into CAFE.CAFE_HAS_FOOD (CAFE_ID,FOOD_ID,PRICE) values (6,24,200);
Insert into CAFE.CAFE_HAS_FOOD (CAFE_ID,FOOD_ID,PRICE) values (6,25,130);
Insert into CAFE.CAFE_HAS_FOOD (CAFE_ID,FOOD_ID,PRICE) values (6,26,150);
Insert into CAFE.CAFE_HAS_FOOD (CAFE_ID,FOOD_ID,PRICE) values (6,27,370);
Insert into CAFE.CAFE_HAS_FOOD (CAFE_ID,FOOD_ID,PRICE) values (7,1,100);
Insert into CAFE.CAFE_HAS_FOOD (CAFE_ID,FOOD_ID,PRICE) values (7,3,70);
Insert into CAFE.CAFE_HAS_FOOD (CAFE_ID,FOOD_ID,PRICE) values (7,5,190);
Insert into CAFE.CAFE_HAS_FOOD (CAFE_ID,FOOD_ID,PRICE) values (7,8,100);
Insert into CAFE.CAFE_HAS_FOOD (CAFE_ID,FOOD_ID,PRICE) values (7,11,180);
Insert into CAFE.CAFE_HAS_FOOD (CAFE_ID,FOOD_ID,PRICE) values (7,12,120);
Insert into CAFE.CAFE_HAS_FOOD (CAFE_ID,FOOD_ID,PRICE) values (7,13,70);
Insert into CAFE.CAFE_HAS_FOOD (CAFE_ID,FOOD_ID,PRICE) values (7,14,30);
Insert into CAFE.CAFE_HAS_FOOD (CAFE_ID,FOOD_ID,PRICE) values (7,15,250);
Insert into CAFE.CAFE_HAS_FOOD (CAFE_ID,FOOD_ID,PRICE) values (7,16,200);
Insert into CAFE.CAFE_HAS_FOOD (CAFE_ID,FOOD_ID,PRICE) values (7,17,170);
Insert into CAFE.CAFE_HAS_FOOD (CAFE_ID,FOOD_ID,PRICE) values (8,1,170);
Insert into CAFE.CAFE_HAS_FOOD (CAFE_ID,FOOD_ID,PRICE) values (8,3,70);
Insert into CAFE.CAFE_HAS_FOOD (CAFE_ID,FOOD_ID,PRICE) values (8,4,100);
Insert into CAFE.CAFE_HAS_FOOD (CAFE_ID,FOOD_ID,PRICE) values (8,5,250);
Insert into CAFE.CAFE_HAS_FOOD (CAFE_ID,FOOD_ID,PRICE) values (8,6,70);
Insert into CAFE.CAFE_HAS_FOOD (CAFE_ID,FOOD_ID,PRICE) values (8,7,70);
Insert into CAFE.CAFE_HAS_FOOD (CAFE_ID,FOOD_ID,PRICE) values (8,8,120);
Insert into CAFE.CAFE_HAS_FOOD (CAFE_ID,FOOD_ID,PRICE) values (8,10,110);
Insert into CAFE.CAFE_HAS_FOOD (CAFE_ID,FOOD_ID,PRICE) values (8,12,100);
Insert into CAFE.CAFE_HAS_FOOD (CAFE_ID,FOOD_ID,PRICE) values (8,13,70);
Insert into CAFE.CAFE_HAS_FOOD (CAFE_ID,FOOD_ID,PRICE) values (8,14,30);
Insert into CAFE.CAFE_HAS_FOOD (CAFE_ID,FOOD_ID,PRICE) values (8,15,210);
Insert into CAFE.CAFE_HAS_FOOD (CAFE_ID,FOOD_ID,PRICE) values (8,17,140);
Insert into CAFE.CAFE_HAS_FOOD (CAFE_ID,FOOD_ID,PRICE) values (8,22,120);
Insert into CAFE.CAFE_HAS_FOOD (CAFE_ID,FOOD_ID,PRICE) values (8,23,100);
Insert into CAFE.CAFE_HAS_FOOD (CAFE_ID,FOOD_ID,PRICE) values (8,28,90);
Insert into CAFE.CAFE_HAS_FOOD (CAFE_ID,FOOD_ID,PRICE) values (8,29,100);
Insert into CAFE.CAFE_HAS_FOOD (CAFE_ID,FOOD_ID,PRICE) values (8,32,150);
Insert into CAFE.CAFE_HAS_FOOD (CAFE_ID,FOOD_ID,PRICE) values (9,4,100);
Insert into CAFE.CAFE_HAS_FOOD (CAFE_ID,FOOD_ID,PRICE) values (9,5,180);
Insert into CAFE.CAFE_HAS_FOOD (CAFE_ID,FOOD_ID,PRICE) values (9,6,70);
Insert into CAFE.CAFE_HAS_FOOD (CAFE_ID,FOOD_ID,PRICE) values (9,7,70);
Insert into CAFE.CAFE_HAS_FOOD (CAFE_ID,FOOD_ID,PRICE) values (9,11,200);
Insert into CAFE.CAFE_HAS_FOOD (CAFE_ID,FOOD_ID,PRICE) values (9,12,100);
Insert into CAFE.CAFE_HAS_FOOD (CAFE_ID,FOOD_ID,PRICE) values (9,13,50);
Insert into CAFE.CAFE_HAS_FOOD (CAFE_ID,FOOD_ID,PRICE) values (9,14,30);
Insert into CAFE.CAFE_HAS_FOOD (CAFE_ID,FOOD_ID,PRICE) values (9,22,90);
Insert into CAFE.CAFE_HAS_FOOD (CAFE_ID,FOOD_ID,PRICE) values (9,23,130);
Insert into CAFE.CAFE_HAS_FOOD (CAFE_ID,FOOD_ID,PRICE) values (9,25,150);
Insert into CAFE.CAFE_HAS_FOOD (CAFE_ID,FOOD_ID,PRICE) values (9,28,100);
Insert into CAFE.CAFE_HAS_FOOD (CAFE_ID,FOOD_ID,PRICE) values (9,29,120);
Insert into CAFE.CAFE_HAS_FOOD (CAFE_ID,FOOD_ID,PRICE) values (9,30,100);
Insert into CAFE.CAFE_HAS_FOOD (CAFE_ID,FOOD_ID,PRICE) values (9,31,170);
Insert into CAFE.CAFE_HAS_FOOD (CAFE_ID,FOOD_ID,PRICE) values (9,32,150);
Insert into CAFE.CAFE_HAS_FOOD (CAFE_ID,FOOD_ID,PRICE) values (10,1,100);
Insert into CAFE.CAFE_HAS_FOOD (CAFE_ID,FOOD_ID,PRICE) values (10,2,150);
Insert into CAFE.CAFE_HAS_FOOD (CAFE_ID,FOOD_ID,PRICE) values (10,3,70);
Insert into CAFE.CAFE_HAS_FOOD (CAFE_ID,FOOD_ID,PRICE) values (10,4,100);
Insert into CAFE.CAFE_HAS_FOOD (CAFE_ID,FOOD_ID,PRICE) values (10,6,50);
Insert into CAFE.CAFE_HAS_FOOD (CAFE_ID,FOOD_ID,PRICE) values (10,7,50);
Insert into CAFE.CAFE_HAS_FOOD (CAFE_ID,FOOD_ID,PRICE) values (10,8,120);
Insert into CAFE.CAFE_HAS_FOOD (CAFE_ID,FOOD_ID,PRICE) values (10,9,150);
Insert into CAFE.CAFE_HAS_FOOD (CAFE_ID,FOOD_ID,PRICE) values (10,10,110);
Insert into CAFE.CAFE_HAS_FOOD (CAFE_ID,FOOD_ID,PRICE) values (10,11,140);
Insert into CAFE.CAFE_HAS_FOOD (CAFE_ID,FOOD_ID,PRICE) values (10,15,200);
Insert into CAFE.CAFE_HAS_FOOD (CAFE_ID,FOOD_ID,PRICE) values (10,18,120);
Insert into CAFE.CAFE_HAS_FOOD (CAFE_ID,FOOD_ID,PRICE) values (10,19,350);
Insert into CAFE.CAFE_HAS_FOOD (CAFE_ID,FOOD_ID,PRICE) values (10,20,550);
Insert into CAFE.CAFE_HAS_FOOD (CAFE_ID,FOOD_ID,PRICE) values (10,21,900);
Insert into CAFE.CAFE_HAS_FOOD (CAFE_ID,FOOD_ID,PRICE) values (10,23,130);
Insert into CAFE.CAFE_HAS_FOOD (CAFE_ID,FOOD_ID,PRICE) values (10,24,200);
Insert into CAFE.CAFE_HAS_FOOD (CAFE_ID,FOOD_ID,PRICE) values (10,25,150);
Insert into CAFE.CAFE_HAS_FOOD (CAFE_ID,FOOD_ID,PRICE) values (10,27,220);
Insert into CAFE.CAFE_HAS_FOOD (CAFE_ID,FOOD_ID,PRICE) values (10,28,100);
Insert into CAFE.CAFE_HAS_FOOD (CAFE_ID,FOOD_ID,PRICE) values (10,32,150);
REM INSERTING into CAFE.CHARITY
SET DEFINE OFF;
Insert into CAFE.CHARITY (CHARITY_ID,NAME,TOTAL_DONATIONS) values (1,'Save the Children',0);
Insert into CAFE.CHARITY (CHARITY_ID,NAME,TOTAL_DONATIONS) values (2,'Action Against Hunger',0);
Insert into CAFE.CHARITY (CHARITY_ID,NAME,TOTAL_DONATIONS) values (3,'Network for Good',0);
Insert into CAFE.CHARITY (CHARITY_ID,NAME,TOTAL_DONATIONS) values (4,'Noble Nonprofits',0);
Insert into CAFE.CHARITY (CHARITY_ID,NAME,TOTAL_DONATIONS) values (5,'CharitAble',0);
Insert into CAFE.CHARITY (CHARITY_ID,NAME,TOTAL_DONATIONS) values (6,'Safe Kids Worldwide',0);
REM INSERTING into CAFE.CUSTOMER
SET DEFINE OFF;
REM INSERTING into CAFE.DISCOUNT
SET DEFINE OFF;
Insert into CAFE.DISCOUNT (DISCOUNT_PERCENTAGE,CODE,PRICE) values (5,'TOM',500);
Insert into CAFE.DISCOUNT (DISCOUNT_PERCENTAGE,CODE,PRICE) values (3,'BME',300);
Insert into CAFE.DISCOUNT (DISCOUNT_PERCENTAGE,CODE,PRICE) values (10,'XAD',1000);
Insert into CAFE.DISCOUNT (DISCOUNT_PERCENTAGE,CODE,PRICE) values (2,'LDF',200);
Insert into CAFE.DISCOUNT (DISCOUNT_PERCENTAGE,CODE,PRICE) values (11,'OPA',1100);
Insert into CAFE.DISCOUNT (DISCOUNT_PERCENTAGE,CODE,PRICE) values (8,'BVL',800);
Insert into CAFE.DISCOUNT (DISCOUNT_PERCENTAGE,CODE,PRICE) values (15,'PLN',1500);
Insert into CAFE.DISCOUNT (DISCOUNT_PERCENTAGE,CODE,PRICE) values (9,'ERN',900);
REM INSERTING into CAFE.DONATIONS
SET DEFINE OFF;
Insert into CAFE.DONATIONS (ID,CAFE_ID,CHARITY_ID,AMOUNT) values (2,1,1,100);
Insert into CAFE.DONATIONS (ID,CAFE_ID,CHARITY_ID,AMOUNT) values (1,1,1,100);
REM INSERTING into CAFE.FOOD
SET DEFINE OFF;
Insert into CAFE.FOOD (FOOD_ID,NAME,TYPE) values (1,'Mighty Zinger Burger','Burger');
Insert into CAFE.FOOD (FOOD_ID,NAME,TYPE) values (2,'Zinger Burger','Burger');
Insert into CAFE.FOOD (FOOD_ID,NAME,TYPE) values (3,'Small Fries','Fries');
Insert into CAFE.FOOD (FOOD_ID,NAME,TYPE) values (4,'Regular Fries','Fries');
Insert into CAFE.FOOD (FOOD_ID,NAME,TYPE) values (5,'Mac and Cheese','Pasta');
Insert into CAFE.FOOD (FOOD_ID,NAME,TYPE) values (6,'Coca-Cola','Drinks');
Insert into CAFE.FOOD (FOOD_ID,NAME,TYPE) values (7,'Sprite','Drinks');
Insert into CAFE.FOOD (FOOD_ID,NAME,TYPE) values (8,'Chicken Shawarma','Shawarma');
Insert into CAFE.FOOD (FOOD_ID,NAME,TYPE) values (9,'Beef Shawarma','Shawarma');
Insert into CAFE.FOOD (FOOD_ID,NAME,TYPE) values (10,'Chicken Burger','Burger');
Insert into CAFE.FOOD (FOOD_ID,NAME,TYPE) values (11,'Spaghetti','Pasta');
Insert into CAFE.FOOD (FOOD_ID,NAME,TYPE) values (12,'Coffee','Drinks');
Insert into CAFE.FOOD (FOOD_ID,NAME,TYPE) values (13,'Tea','Drinks');
Insert into CAFE.FOOD (FOOD_ID,NAME,TYPE) values (14,'Water Bottle','Drinks');
Insert into CAFE.FOOD (FOOD_ID,NAME,TYPE) values (15,'Penne Pasta','Pasta');
Insert into CAFE.FOOD (FOOD_ID,NAME,TYPE) values (16,'Chicken Biryani','Rice');
Insert into CAFE.FOOD (FOOD_ID,NAME,TYPE) values (17,'Chicken Pilaf','Rice');
Insert into CAFE.FOOD (FOOD_ID,NAME,TYPE) values (18,'Fried Fish','Fish');
Insert into CAFE.FOOD (FOOD_ID,NAME,TYPE) values (19,'Small Pizza','Pizza');
Insert into CAFE.FOOD (FOOD_ID,NAME,TYPE) values (20,'Medium Pizza','Pizza');
Insert into CAFE.FOOD (FOOD_ID,NAME,TYPE) values (21,'Large Pizza','Pizza');
Insert into CAFE.FOOD (FOOD_ID,NAME,TYPE) values (22,'Vegetable Club Sandwich','Sandwich');
Insert into CAFE.FOOD (FOOD_ID,NAME,TYPE) values (23,'Chicken Club Sandwich','Sandwich');
Insert into CAFE.FOOD (FOOD_ID,NAME,TYPE) values (24,'Fried Chicken','Chicken');
Insert into CAFE.FOOD (FOOD_ID,NAME,TYPE) values (25,'Hotshots','Chicken');
Insert into CAFE.FOOD (FOOD_ID,NAME,TYPE) values (26,'Wings','Chicken');
Insert into CAFE.FOOD (FOOD_ID,NAME,TYPE) values (27,'Broast','Chicken');
Insert into CAFE.FOOD (FOOD_ID,NAME,TYPE) values (28,'Banana shake','Drinks');
Insert into CAFE.FOOD (FOOD_ID,NAME,TYPE) values (29,'Mango shake','Drinks');
Insert into CAFE.FOOD (FOOD_ID,NAME,TYPE) values (30,'Apple shake','Drinks');
Insert into CAFE.FOOD (FOOD_ID,NAME,TYPE) values (31,'Strawberry shake','Drinks');
Insert into CAFE.FOOD (FOOD_ID,NAME,TYPE) values (32,'Banana Date shake','Drinks');
REM INSERTING into CAFE.FOOD_IN_ORDER
SET DEFINE OFF;
Insert into CAFE.FOOD_IN_ORDER (ORDER_ID,FOOD_ID,CAFE_ID,QUANTITY) values (3,4,1,4);
Insert into CAFE.FOOD_IN_ORDER (ORDER_ID,FOOD_ID,CAFE_ID,QUANTITY) values (3,19,2,1);
Insert into CAFE.FOOD_IN_ORDER (ORDER_ID,FOOD_ID,CAFE_ID,QUANTITY) values (1,5,1,1);
Insert into CAFE.FOOD_IN_ORDER (ORDER_ID,FOOD_ID,CAFE_ID,QUANTITY) values (1,3,2,2);
Insert into CAFE.FOOD_IN_ORDER (ORDER_ID,FOOD_ID,CAFE_ID,QUANTITY) values (2,5,1,2);
REM INSERTING into CAFE.MEMBER
SET DEFINE OFF;
Insert into CAFE.MEMBER (PERSON_ID,BUILDING_NUMBER,POINTS) values (1,2110,10000);
Insert into CAFE.MEMBER (PERSON_ID,BUILDING_NUMBER,POINTS) values (3,435,0);
REM INSERTING into CAFE.MEMBER_BUYS_PRIZE
SET DEFINE OFF;
REM INSERTING into CAFE.MEMBER_HAS_DISCOUNT
SET DEFINE OFF;
REM INSERTING into CAFE.ORDERS
SET DEFINE OFF;
Insert into CAFE.ORDERS (ORDER_ID,PERSON_ID,BILL,ORDER_DATE) values (3,1,266,to_date('14-JAN-21','DD-MON-RR'));
Insert into CAFE.ORDERS (ORDER_ID,PERSON_ID,BILL,ORDER_DATE) values (1,2,250,to_date('14-JAN-21','DD-MON-RR'));
Insert into CAFE.ORDERS (ORDER_ID,PERSON_ID,BILL,ORDER_DATE) values (2,1,300,to_date('14-JAN-21','DD-MON-RR'));
REM INSERTING into CAFE.PERSON
SET DEFINE OFF;
Insert into CAFE.PERSON (PERSON_ID,NAME,PHONE) values (1,'test',142323);
Insert into CAFE.PERSON (PERSON_ID,NAME,PHONE) values (3,'new',234124);
Insert into CAFE.PERSON (PERSON_ID,NAME,PHONE) values (2,'tiff',1231231);
REM INSERTING into CAFE.PRIZE
SET DEFINE OFF;
Insert into CAFE.PRIZE (PRIZE_ID,NAME,POINTS_PRICE) values (1,'Food Voucher',700);
Insert into CAFE.PRIZE (PRIZE_ID,NAME,POINTS_PRICE) values (2,'Free Small Pizza',700);
Insert into CAFE.PRIZE (PRIZE_ID,NAME,POINTS_PRICE) values (3,'Free Medium Pizza',900);
Insert into CAFE.PRIZE (PRIZE_ID,NAME,POINTS_PRICE) values (4,'Free Large Pizza',1200);
Insert into CAFE.PRIZE (PRIZE_ID,NAME,POINTS_PRICE) values (5,'Shake Voucher',300);
Insert into CAFE.PRIZE (PRIZE_ID,NAME,POINTS_PRICE) values (6,'Zinger Burger Voucher',500);
Insert into CAFE.PRIZE (PRIZE_ID,NAME,POINTS_PRICE) values (7,'Sandwich Voucher',200);
REM INSERTING into CAFE.PROFIT
SET DEFINE OFF;
Insert into CAFE.PROFIT (CAFE_ID,CAFE_PROFIT,PROFIT_MONTH) values (1,730,to_date('01-JAN-21','DD-MON-RR'));
--------------------------------------------------------
--  DDL for Index ADDRESS_PK
--------------------------------------------------------

  CREATE UNIQUE INDEX "CAFE"."ADDRESS_PK" ON "CAFE"."ADDRESS" ("BUILDING_NUMBER") 
  PCTFREE 10 INITRANS 2 MAXTRANS 255 COMPUTE STATISTICS 
  STORAGE(INITIAL 65536 NEXT 1048576 MINEXTENTS 1 MAXEXTENTS 2147483645
  PCTINCREASE 0 FREELISTS 1 FREELIST GROUPS 1 BUFFER_POOL DEFAULT FLASH_CACHE DEFAULT CELL_FLASH_CACHE DEFAULT)
  TABLESPACE "TBS_PERM_01" ;
--------------------------------------------------------
--  DDL for Index FOOD_PK
--------------------------------------------------------

  CREATE UNIQUE INDEX "CAFE"."FOOD_PK" ON "CAFE"."FOOD" ("FOOD_ID") 
  PCTFREE 10 INITRANS 2 MAXTRANS 255 COMPUTE STATISTICS 
  STORAGE(INITIAL 65536 NEXT 1048576 MINEXTENTS 1 MAXEXTENTS 2147483645
  PCTINCREASE 0 FREELISTS 1 FREELIST GROUPS 1 BUFFER_POOL DEFAULT FLASH_CACHE DEFAULT CELL_FLASH_CACHE DEFAULT)
  TABLESPACE "TBS_PERM_01" ;
--------------------------------------------------------
--  DDL for Index MEMBER__IDXV1
--------------------------------------------------------

  CREATE UNIQUE INDEX "CAFE"."MEMBER__IDXV1" ON "CAFE"."MEMBER" ("PERSON_ID") 
  PCTFREE 10 INITRANS 2 MAXTRANS 255 COMPUTE STATISTICS 
  STORAGE(INITIAL 65536 NEXT 1048576 MINEXTENTS 1 MAXEXTENTS 2147483645
  PCTINCREASE 0 FREELISTS 1 FREELIST GROUPS 1 BUFFER_POOL DEFAULT FLASH_CACHE DEFAULT CELL_FLASH_CACHE DEFAULT)
  TABLESPACE "TBS_PERM_01" ;
--------------------------------------------------------
--  DDL for Index PERSON_PK
--------------------------------------------------------

  CREATE UNIQUE INDEX "CAFE"."PERSON_PK" ON "CAFE"."PERSON" ("PERSON_ID") 
  PCTFREE 10 INITRANS 2 MAXTRANS 255 COMPUTE STATISTICS 
  STORAGE(INITIAL 65536 NEXT 1048576 MINEXTENTS 1 MAXEXTENTS 2147483645
  PCTINCREASE 0 FREELISTS 1 FREELIST GROUPS 1 BUFFER_POOL DEFAULT FLASH_CACHE DEFAULT CELL_FLASH_CACHE DEFAULT)
  TABLESPACE "TBS_PERM_01" ;
--------------------------------------------------------
--  DDL for Index MEMBER_BUYS_PRIZE_PK
--------------------------------------------------------

  CREATE UNIQUE INDEX "CAFE"."MEMBER_BUYS_PRIZE_PK" ON "CAFE"."MEMBER_BUYS_PRIZE" ("PRIZE_ID") 
  PCTFREE 10 INITRANS 2 MAXTRANS 255 COMPUTE STATISTICS 
  STORAGE(INITIAL 65536 NEXT 1048576 MINEXTENTS 1 MAXEXTENTS 2147483645
  PCTINCREASE 0 FREELISTS 1 FREELIST GROUPS 1 BUFFER_POOL DEFAULT FLASH_CACHE DEFAULT CELL_FLASH_CACHE DEFAULT)
  TABLESPACE "TBS_PERM_01" ;
--------------------------------------------------------
--  DDL for Index CHARITY_PK
--------------------------------------------------------

  CREATE UNIQUE INDEX "CAFE"."CHARITY_PK" ON "CAFE"."CHARITY" ("CHARITY_ID") 
  PCTFREE 10 INITRANS 2 MAXTRANS 255 COMPUTE STATISTICS 
  STORAGE(INITIAL 65536 NEXT 1048576 MINEXTENTS 1 MAXEXTENTS 2147483645
  PCTINCREASE 0 FREELISTS 1 FREELIST GROUPS 1 BUFFER_POOL DEFAULT FLASH_CACHE DEFAULT CELL_FLASH_CACHE DEFAULT)
  TABLESPACE "TBS_PERM_01" ;
--------------------------------------------------------
--  DDL for Index MEMBER__IDX
--------------------------------------------------------

  CREATE UNIQUE INDEX "CAFE"."MEMBER__IDX" ON "CAFE"."MEMBER" ("BUILDING_NUMBER") 
  PCTFREE 10 INITRANS 2 MAXTRANS 255 COMPUTE STATISTICS 
  STORAGE(INITIAL 65536 NEXT 1048576 MINEXTENTS 1 MAXEXTENTS 2147483645
  PCTINCREASE 0 FREELISTS 1 FREELIST GROUPS 1 BUFFER_POOL DEFAULT FLASH_CACHE DEFAULT CELL_FLASH_CACHE DEFAULT)
  TABLESPACE "TBS_PERM_01" ;
--------------------------------------------------------
--  DDL for Index ORDER_PK
--------------------------------------------------------

  CREATE UNIQUE INDEX "CAFE"."ORDER_PK" ON "CAFE"."ORDERS" ("ORDER_ID") 
  PCTFREE 10 INITRANS 2 MAXTRANS 255 COMPUTE STATISTICS 
  STORAGE(INITIAL 65536 NEXT 1048576 MINEXTENTS 1 MAXEXTENTS 2147483645
  PCTINCREASE 0 FREELISTS 1 FREELIST GROUPS 1 BUFFER_POOL DEFAULT FLASH_CACHE DEFAULT CELL_FLASH_CACHE DEFAULT)
  TABLESPACE "TBS_PERM_01" ;
--------------------------------------------------------
--  DDL for Index MEMBER_HAS_DISCOUNT_PK
--------------------------------------------------------

  CREATE UNIQUE INDEX "CAFE"."MEMBER_HAS_DISCOUNT_PK" ON "CAFE"."MEMBER_HAS_DISCOUNT" ("CODE", "PERSON_ID") 
  PCTFREE 10 INITRANS 2 MAXTRANS 255 COMPUTE STATISTICS 
  STORAGE(INITIAL 65536 NEXT 1048576 MINEXTENTS 1 MAXEXTENTS 2147483645
  PCTINCREASE 0 FREELISTS 1 FREELIST GROUPS 1 BUFFER_POOL DEFAULT FLASH_CACHE DEFAULT CELL_FLASH_CACHE DEFAULT)
  TABLESPACE "TBS_PERM_01" ;
--------------------------------------------------------
--  DDL for Index CAFE__IDX
--------------------------------------------------------

  CREATE UNIQUE INDEX "CAFE"."CAFE__IDX" ON "CAFE"."CAFE" ("BUILDING_NUMBER") 
  PCTFREE 10 INITRANS 2 MAXTRANS 255 COMPUTE STATISTICS 
  STORAGE(INITIAL 65536 NEXT 1048576 MINEXTENTS 1 MAXEXTENTS 2147483645
  PCTINCREASE 0 FREELISTS 1 FREELIST GROUPS 1 BUFFER_POOL DEFAULT FLASH_CACHE DEFAULT CELL_FLASH_CACHE DEFAULT)
  TABLESPACE "TBS_PERM_01" ;
--------------------------------------------------------
--  DDL for Index CAFE_PK
--------------------------------------------------------

  CREATE UNIQUE INDEX "CAFE"."CAFE_PK" ON "CAFE"."CAFE" ("CAFE_ID") 
  PCTFREE 10 INITRANS 2 MAXTRANS 255 COMPUTE STATISTICS 
  STORAGE(INITIAL 65536 NEXT 1048576 MINEXTENTS 1 MAXEXTENTS 2147483645
  PCTINCREASE 0 FREELISTS 1 FREELIST GROUPS 1 BUFFER_POOL DEFAULT FLASH_CACHE DEFAULT CELL_FLASH_CACHE DEFAULT)
  TABLESPACE "TBS_PERM_01" ;
--------------------------------------------------------
--  DDL for Index CAFE_HAS_FOOD_PK
--------------------------------------------------------

  CREATE UNIQUE INDEX "CAFE"."CAFE_HAS_FOOD_PK" ON "CAFE"."CAFE_HAS_FOOD" ("CAFE_ID", "FOOD_ID") 
  PCTFREE 10 INITRANS 2 MAXTRANS 255 COMPUTE STATISTICS 
  STORAGE(INITIAL 65536 NEXT 1048576 MINEXTENTS 1 MAXEXTENTS 2147483645
  PCTINCREASE 0 FREELISTS 1 FREELIST GROUPS 1 BUFFER_POOL DEFAULT FLASH_CACHE DEFAULT CELL_FLASH_CACHE DEFAULT)
  TABLESPACE "TBS_PERM_01" ;
--------------------------------------------------------
--  DDL for Index DISCOUNT_PK
--------------------------------------------------------

  CREATE UNIQUE INDEX "CAFE"."DISCOUNT_PK" ON "CAFE"."DISCOUNT" ("CODE") 
  PCTFREE 10 INITRANS 2 MAXTRANS 255 COMPUTE STATISTICS 
  STORAGE(INITIAL 65536 NEXT 1048576 MINEXTENTS 1 MAXEXTENTS 2147483645
  PCTINCREASE 0 FREELISTS 1 FREELIST GROUPS 1 BUFFER_POOL DEFAULT FLASH_CACHE DEFAULT CELL_FLASH_CACHE DEFAULT)
  TABLESPACE "TBS_PERM_01" ;
--------------------------------------------------------
--  DDL for Index PROFIT_PK
--------------------------------------------------------

  CREATE UNIQUE INDEX "CAFE"."PROFIT_PK" ON "CAFE"."PROFIT" ("CAFE_ID", "PROFIT_MONTH") 
  PCTFREE 10 INITRANS 2 MAXTRANS 255 COMPUTE STATISTICS 
  STORAGE(INITIAL 65536 NEXT 1048576 MINEXTENTS 1 MAXEXTENTS 2147483645
  PCTINCREASE 0 FREELISTS 1 FREELIST GROUPS 1 BUFFER_POOL DEFAULT FLASH_CACHE DEFAULT CELL_FLASH_CACHE DEFAULT)
  TABLESPACE "TBS_PERM_01" ;
--------------------------------------------------------
--  DDL for Index DONATIONS_PK
--------------------------------------------------------

  CREATE UNIQUE INDEX "CAFE"."DONATIONS_PK" ON "CAFE"."DONATIONS" ("ID") 
  PCTFREE 10 INITRANS 2 MAXTRANS 255 COMPUTE STATISTICS 
  STORAGE(INITIAL 65536 NEXT 1048576 MINEXTENTS 1 MAXEXTENTS 2147483645
  PCTINCREASE 0 FREELISTS 1 FREELIST GROUPS 1 BUFFER_POOL DEFAULT FLASH_CACHE DEFAULT CELL_FLASH_CACHE DEFAULT)
  TABLESPACE "TBS_PERM_01" ;
--------------------------------------------------------
--  DDL for Index PRIZE_PK
--------------------------------------------------------

  CREATE UNIQUE INDEX "CAFE"."PRIZE_PK" ON "CAFE"."PRIZE" ("PRIZE_ID") 
  PCTFREE 10 INITRANS 2 MAXTRANS 255 COMPUTE STATISTICS 
  STORAGE(INITIAL 65536 NEXT 1048576 MINEXTENTS 1 MAXEXTENTS 2147483645
  PCTINCREASE 0 FREELISTS 1 FREELIST GROUPS 1 BUFFER_POOL DEFAULT FLASH_CACHE DEFAULT CELL_FLASH_CACHE DEFAULT)
  TABLESPACE "TBS_PERM_01" ;
--------------------------------------------------------
--  DDL for Index FOOD_IN_ORDER_PK
--------------------------------------------------------

  CREATE UNIQUE INDEX "CAFE"."FOOD_IN_ORDER_PK" ON "CAFE"."FOOD_IN_ORDER" ("ORDER_ID", "FOOD_ID") 
  PCTFREE 10 INITRANS 2 MAXTRANS 255 COMPUTE STATISTICS 
  STORAGE(INITIAL 65536 NEXT 1048576 MINEXTENTS 1 MAXEXTENTS 2147483645
  PCTINCREASE 0 FREELISTS 1 FREELIST GROUPS 1 BUFFER_POOL DEFAULT FLASH_CACHE DEFAULT CELL_FLASH_CACHE DEFAULT)
  TABLESPACE "TBS_PERM_01" ;
--------------------------------------------------------
--  DDL for Index CUSTOMER__IDX
--------------------------------------------------------

  CREATE UNIQUE INDEX "CAFE"."CUSTOMER__IDX" ON "CAFE"."CUSTOMER" ("PERSON_ID") 
  PCTFREE 10 INITRANS 2 MAXTRANS 255 COMPUTE STATISTICS NOCOMPRESS LOGGING
  TABLESPACE "TBS_PERM_01" ;
--------------------------------------------------------
--  Constraints for Table MEMBER_BUYS_PRIZE
--------------------------------------------------------

  ALTER TABLE "CAFE"."MEMBER_BUYS_PRIZE" ADD CONSTRAINT "MEMBER_BUYS_PRIZE_PK" PRIMARY KEY ("PRIZE_ID")
  USING INDEX PCTFREE 10 INITRANS 2 MAXTRANS 255 COMPUTE STATISTICS 
  STORAGE(INITIAL 65536 NEXT 1048576 MINEXTENTS 1 MAXEXTENTS 2147483645
  PCTINCREASE 0 FREELISTS 1 FREELIST GROUPS 1 BUFFER_POOL DEFAULT FLASH_CACHE DEFAULT CELL_FLASH_CACHE DEFAULT)
  TABLESPACE "TBS_PERM_01"  ENABLE;
 
  ALTER TABLE "CAFE"."MEMBER_BUYS_PRIZE" MODIFY ("PERSON_ID" NOT NULL ENABLE);
 
  ALTER TABLE "CAFE"."MEMBER_BUYS_PRIZE" MODIFY ("PRIZE_ID" NOT NULL ENABLE);
--------------------------------------------------------
--  Constraints for Table CHARITY
--------------------------------------------------------

  ALTER TABLE "CAFE"."CHARITY" ADD CONSTRAINT "CHARITY_PK" PRIMARY KEY ("CHARITY_ID")
  USING INDEX PCTFREE 10 INITRANS 2 MAXTRANS 255 COMPUTE STATISTICS 
  STORAGE(INITIAL 65536 NEXT 1048576 MINEXTENTS 1 MAXEXTENTS 2147483645
  PCTINCREASE 0 FREELISTS 1 FREELIST GROUPS 1 BUFFER_POOL DEFAULT FLASH_CACHE DEFAULT CELL_FLASH_CACHE DEFAULT)
  TABLESPACE "TBS_PERM_01"  ENABLE;
 
  ALTER TABLE "CAFE"."CHARITY" MODIFY ("CHARITY_ID" NOT NULL ENABLE);
 
  ALTER TABLE "CAFE"."CHARITY" MODIFY ("NAME" NOT NULL ENABLE);
 
  ALTER TABLE "CAFE"."CHARITY" MODIFY ("TOTAL_DONATIONS" NOT NULL ENABLE);
--------------------------------------------------------
--  Constraints for Table DISCOUNT
--------------------------------------------------------

  ALTER TABLE "CAFE"."DISCOUNT" ADD CONSTRAINT "DISCOUNT_PK" PRIMARY KEY ("CODE")
  USING INDEX PCTFREE 10 INITRANS 2 MAXTRANS 255 COMPUTE STATISTICS 
  STORAGE(INITIAL 65536 NEXT 1048576 MINEXTENTS 1 MAXEXTENTS 2147483645
  PCTINCREASE 0 FREELISTS 1 FREELIST GROUPS 1 BUFFER_POOL DEFAULT FLASH_CACHE DEFAULT CELL_FLASH_CACHE DEFAULT)
  TABLESPACE "TBS_PERM_01"  ENABLE;
 
  ALTER TABLE "CAFE"."DISCOUNT" MODIFY ("DISCOUNT_PERCENTAGE" NOT NULL ENABLE);
 
  ALTER TABLE "CAFE"."DISCOUNT" MODIFY ("CODE" NOT NULL ENABLE);
 
  ALTER TABLE "CAFE"."DISCOUNT" MODIFY ("PRICE" NOT NULL ENABLE);
--------------------------------------------------------
--  Constraints for Table PERSON
--------------------------------------------------------

  ALTER TABLE "CAFE"."PERSON" ADD CONSTRAINT "PERSON_PK" PRIMARY KEY ("PERSON_ID")
  USING INDEX PCTFREE 10 INITRANS 2 MAXTRANS 255 COMPUTE STATISTICS 
  STORAGE(INITIAL 65536 NEXT 1048576 MINEXTENTS 1 MAXEXTENTS 2147483645
  PCTINCREASE 0 FREELISTS 1 FREELIST GROUPS 1 BUFFER_POOL DEFAULT FLASH_CACHE DEFAULT CELL_FLASH_CACHE DEFAULT)
  TABLESPACE "TBS_PERM_01"  ENABLE;
 
  ALTER TABLE "CAFE"."PERSON" MODIFY ("PERSON_ID" NOT NULL ENABLE);
 
  ALTER TABLE "CAFE"."PERSON" MODIFY ("NAME" NOT NULL ENABLE);
--------------------------------------------------------
--  Constraints for Table DONATIONS
--------------------------------------------------------

  ALTER TABLE "CAFE"."DONATIONS" ADD CONSTRAINT "DONATIONS_PK" PRIMARY KEY ("ID")
  USING INDEX PCTFREE 10 INITRANS 2 MAXTRANS 255 COMPUTE STATISTICS 
  STORAGE(INITIAL 65536 NEXT 1048576 MINEXTENTS 1 MAXEXTENTS 2147483645
  PCTINCREASE 0 FREELISTS 1 FREELIST GROUPS 1 BUFFER_POOL DEFAULT FLASH_CACHE DEFAULT CELL_FLASH_CACHE DEFAULT)
  TABLESPACE "TBS_PERM_01"  ENABLE;
 
  ALTER TABLE "CAFE"."DONATIONS" MODIFY ("ID" NOT NULL ENABLE);
 
  ALTER TABLE "CAFE"."DONATIONS" MODIFY ("CAFE_ID" NOT NULL ENABLE);
 
  ALTER TABLE "CAFE"."DONATIONS" MODIFY ("CHARITY_ID" NOT NULL ENABLE);
 
  ALTER TABLE "CAFE"."DONATIONS" MODIFY ("AMOUNT" NOT NULL ENABLE);
--------------------------------------------------------
--  Constraints for Table CAFE_HAS_FOOD
--------------------------------------------------------

  ALTER TABLE "CAFE"."CAFE_HAS_FOOD" ADD CONSTRAINT "CAFE_HAS_FOOD_PK" PRIMARY KEY ("CAFE_ID", "FOOD_ID")
  USING INDEX PCTFREE 10 INITRANS 2 MAXTRANS 255 COMPUTE STATISTICS 
  STORAGE(INITIAL 65536 NEXT 1048576 MINEXTENTS 1 MAXEXTENTS 2147483645
  PCTINCREASE 0 FREELISTS 1 FREELIST GROUPS 1 BUFFER_POOL DEFAULT FLASH_CACHE DEFAULT CELL_FLASH_CACHE DEFAULT)
  TABLESPACE "TBS_PERM_01"  ENABLE;
 
  ALTER TABLE "CAFE"."CAFE_HAS_FOOD" MODIFY ("CAFE_ID" NOT NULL ENABLE);
 
  ALTER TABLE "CAFE"."CAFE_HAS_FOOD" MODIFY ("FOOD_ID" NOT NULL ENABLE);
 
  ALTER TABLE "CAFE"."CAFE_HAS_FOOD" MODIFY ("PRICE" NOT NULL ENABLE);
--------------------------------------------------------
--  Constraints for Table ADDRESS
--------------------------------------------------------

  ALTER TABLE "CAFE"."ADDRESS" ADD CONSTRAINT "ADDRESS_PK" PRIMARY KEY ("BUILDING_NUMBER")
  USING INDEX PCTFREE 10 INITRANS 2 MAXTRANS 255 COMPUTE STATISTICS 
  STORAGE(INITIAL 65536 NEXT 1048576 MINEXTENTS 1 MAXEXTENTS 2147483645
  PCTINCREASE 0 FREELISTS 1 FREELIST GROUPS 1 BUFFER_POOL DEFAULT FLASH_CACHE DEFAULT CELL_FLASH_CACHE DEFAULT)
  TABLESPACE "TBS_PERM_01"  ENABLE;
 
  ALTER TABLE "CAFE"."ADDRESS" MODIFY ("BUILDING_NUMBER" NOT NULL ENABLE);
 
  ALTER TABLE "CAFE"."ADDRESS" MODIFY ("STREET" NOT NULL ENABLE);
 
  ALTER TABLE "CAFE"."ADDRESS" MODIFY ("CITY" NOT NULL ENABLE);
--------------------------------------------------------
--  Constraints for Table FOOD_IN_ORDER
--------------------------------------------------------

  ALTER TABLE "CAFE"."FOOD_IN_ORDER" ADD CONSTRAINT "FOOD_IN_ORDER_PK" PRIMARY KEY ("ORDER_ID", "FOOD_ID")
  USING INDEX PCTFREE 10 INITRANS 2 MAXTRANS 255 COMPUTE STATISTICS 
  STORAGE(INITIAL 65536 NEXT 1048576 MINEXTENTS 1 MAXEXTENTS 2147483645
  PCTINCREASE 0 FREELISTS 1 FREELIST GROUPS 1 BUFFER_POOL DEFAULT FLASH_CACHE DEFAULT CELL_FLASH_CACHE DEFAULT)
  TABLESPACE "TBS_PERM_01"  ENABLE;
 
  ALTER TABLE "CAFE"."FOOD_IN_ORDER" MODIFY ("ORDER_ID" NOT NULL ENABLE);
 
  ALTER TABLE "CAFE"."FOOD_IN_ORDER" MODIFY ("FOOD_ID" NOT NULL ENABLE);
 
  ALTER TABLE "CAFE"."FOOD_IN_ORDER" MODIFY ("CAFE_ID" NOT NULL ENABLE);
--------------------------------------------------------
--  Constraints for Table PROFIT
--------------------------------------------------------

  ALTER TABLE "CAFE"."PROFIT" ADD CONSTRAINT "PROFIT_PK" PRIMARY KEY ("CAFE_ID", "PROFIT_MONTH")
  USING INDEX PCTFREE 10 INITRANS 2 MAXTRANS 255 COMPUTE STATISTICS 
  STORAGE(INITIAL 65536 NEXT 1048576 MINEXTENTS 1 MAXEXTENTS 2147483645
  PCTINCREASE 0 FREELISTS 1 FREELIST GROUPS 1 BUFFER_POOL DEFAULT FLASH_CACHE DEFAULT CELL_FLASH_CACHE DEFAULT)
  TABLESPACE "TBS_PERM_01"  ENABLE;
 
  ALTER TABLE "CAFE"."PROFIT" MODIFY ("CAFE_ID" NOT NULL ENABLE);
 
  ALTER TABLE "CAFE"."PROFIT" MODIFY ("CAFE_PROFIT" NOT NULL ENABLE);
 
  ALTER TABLE "CAFE"."PROFIT" MODIFY ("PROFIT_MONTH" NOT NULL ENABLE);
--------------------------------------------------------
--  Constraints for Table ORDERS
--------------------------------------------------------

  ALTER TABLE "CAFE"."ORDERS" ADD CONSTRAINT "ORDER_PK" PRIMARY KEY ("ORDER_ID")
  USING INDEX PCTFREE 10 INITRANS 2 MAXTRANS 255 COMPUTE STATISTICS 
  STORAGE(INITIAL 65536 NEXT 1048576 MINEXTENTS 1 MAXEXTENTS 2147483645
  PCTINCREASE 0 FREELISTS 1 FREELIST GROUPS 1 BUFFER_POOL DEFAULT FLASH_CACHE DEFAULT CELL_FLASH_CACHE DEFAULT)
  TABLESPACE "TBS_PERM_01"  ENABLE;
 
  ALTER TABLE "CAFE"."ORDERS" MODIFY ("ORDER_ID" NOT NULL ENABLE);
 
  ALTER TABLE "CAFE"."ORDERS" MODIFY ("PERSON_ID" NOT NULL ENABLE);
 
  ALTER TABLE "CAFE"."ORDERS" MODIFY ("BILL" NOT NULL ENABLE);
 
  ALTER TABLE "CAFE"."ORDERS" MODIFY ("ORDER_DATE" NOT NULL ENABLE);
--------------------------------------------------------
--  Constraints for Table FOOD
--------------------------------------------------------

  ALTER TABLE "CAFE"."FOOD" ADD CONSTRAINT "FOOD_PK" PRIMARY KEY ("FOOD_ID")
  USING INDEX PCTFREE 10 INITRANS 2 MAXTRANS 255 COMPUTE STATISTICS 
  STORAGE(INITIAL 65536 NEXT 1048576 MINEXTENTS 1 MAXEXTENTS 2147483645
  PCTINCREASE 0 FREELISTS 1 FREELIST GROUPS 1 BUFFER_POOL DEFAULT FLASH_CACHE DEFAULT CELL_FLASH_CACHE DEFAULT)
  TABLESPACE "TBS_PERM_01"  ENABLE;
 
  ALTER TABLE "CAFE"."FOOD" MODIFY ("FOOD_ID" NOT NULL ENABLE);
 
  ALTER TABLE "CAFE"."FOOD" MODIFY ("NAME" NOT NULL ENABLE);
 
  ALTER TABLE "CAFE"."FOOD" MODIFY ("TYPE" NOT NULL ENABLE);
--------------------------------------------------------
--  Constraints for Table MEMBER
--------------------------------------------------------

  ALTER TABLE "CAFE"."MEMBER" ADD CONSTRAINT "MEMBER_PK" PRIMARY KEY ("PERSON_ID")
  USING INDEX PCTFREE 10 INITRANS 2 MAXTRANS 255 COMPUTE STATISTICS 
  STORAGE(INITIAL 65536 NEXT 1048576 MINEXTENTS 1 MAXEXTENTS 2147483645
  PCTINCREASE 0 FREELISTS 1 FREELIST GROUPS 1 BUFFER_POOL DEFAULT FLASH_CACHE DEFAULT CELL_FLASH_CACHE DEFAULT)
  TABLESPACE "TBS_PERM_01"  ENABLE;
 
  ALTER TABLE "CAFE"."MEMBER" MODIFY ("PERSON_ID" NOT NULL ENABLE);
 
  ALTER TABLE "CAFE"."MEMBER" MODIFY ("BUILDING_NUMBER" NOT NULL ENABLE);
 
  ALTER TABLE "CAFE"."MEMBER" MODIFY ("POINTS" NOT NULL ENABLE);
--------------------------------------------------------
--  Constraints for Table CAFE
--------------------------------------------------------

  ALTER TABLE "CAFE"."CAFE" ADD CONSTRAINT "CAFE_PK" PRIMARY KEY ("CAFE_ID")
  USING INDEX PCTFREE 10 INITRANS 2 MAXTRANS 255 COMPUTE STATISTICS 
  STORAGE(INITIAL 65536 NEXT 1048576 MINEXTENTS 1 MAXEXTENTS 2147483645
  PCTINCREASE 0 FREELISTS 1 FREELIST GROUPS 1 BUFFER_POOL DEFAULT FLASH_CACHE DEFAULT CELL_FLASH_CACHE DEFAULT)
  TABLESPACE "TBS_PERM_01"  ENABLE;
 
  ALTER TABLE "CAFE"."CAFE" MODIFY ("CAFE_ID" NOT NULL ENABLE);
 
  ALTER TABLE "CAFE"."CAFE" MODIFY ("CAFE_NAME" NOT NULL ENABLE);
 
  ALTER TABLE "CAFE"."CAFE" MODIFY ("BUILDING_NUMBER" NOT NULL ENABLE);
 
  ALTER TABLE "CAFE"."CAFE" MODIFY ("BALANCE" NOT NULL ENABLE);
--------------------------------------------------------
--  Constraints for Table MEMBER_HAS_DISCOUNT
--------------------------------------------------------

  ALTER TABLE "CAFE"."MEMBER_HAS_DISCOUNT" ADD CONSTRAINT "MEMBER_HAS_DISCOUNT_PK" PRIMARY KEY ("CODE", "PERSON_ID")
  USING INDEX PCTFREE 10 INITRANS 2 MAXTRANS 255 COMPUTE STATISTICS 
  STORAGE(INITIAL 65536 NEXT 1048576 MINEXTENTS 1 MAXEXTENTS 2147483645
  PCTINCREASE 0 FREELISTS 1 FREELIST GROUPS 1 BUFFER_POOL DEFAULT FLASH_CACHE DEFAULT CELL_FLASH_CACHE DEFAULT)
  TABLESPACE "TBS_PERM_01"  ENABLE;
 
  ALTER TABLE "CAFE"."MEMBER_HAS_DISCOUNT" MODIFY ("CODE" NOT NULL ENABLE);
 
  ALTER TABLE "CAFE"."MEMBER_HAS_DISCOUNT" MODIFY ("PERSON_ID" NOT NULL ENABLE);
--------------------------------------------------------
--  Constraints for Table CUSTOMER
--------------------------------------------------------

  ALTER TABLE "CAFE"."CUSTOMER" ADD CONSTRAINT "CUSTOMER_PK" PRIMARY KEY ("PERSON_ID")
  USING INDEX PCTFREE 10 INITRANS 2 MAXTRANS 255 COMPUTE STATISTICS NOCOMPRESS LOGGING
  TABLESPACE "TBS_PERM_01"  ENABLE;
 
  ALTER TABLE "CAFE"."CUSTOMER" MODIFY ("PERSON_ID" NOT NULL ENABLE);
--------------------------------------------------------
--  Constraints for Table PRIZE
--------------------------------------------------------

  ALTER TABLE "CAFE"."PRIZE" ADD CONSTRAINT "PRIZE_PK" PRIMARY KEY ("PRIZE_ID")
  USING INDEX PCTFREE 10 INITRANS 2 MAXTRANS 255 COMPUTE STATISTICS 
  STORAGE(INITIAL 65536 NEXT 1048576 MINEXTENTS 1 MAXEXTENTS 2147483645
  PCTINCREASE 0 FREELISTS 1 FREELIST GROUPS 1 BUFFER_POOL DEFAULT FLASH_CACHE DEFAULT CELL_FLASH_CACHE DEFAULT)
  TABLESPACE "TBS_PERM_01"  ENABLE;
 
  ALTER TABLE "CAFE"."PRIZE" MODIFY ("PRIZE_ID" NOT NULL ENABLE);
 
  ALTER TABLE "CAFE"."PRIZE" MODIFY ("NAME" NOT NULL ENABLE);
 
  ALTER TABLE "CAFE"."PRIZE" MODIFY ("POINTS_PRICE" NOT NULL ENABLE);
--------------------------------------------------------
--  Ref Constraints for Table CAFE
--------------------------------------------------------

  ALTER TABLE "CAFE"."CAFE" ADD CONSTRAINT "CAFE_ADDRESS_FK" FOREIGN KEY ("BUILDING_NUMBER")
	  REFERENCES "CAFE"."ADDRESS" ("BUILDING_NUMBER") ENABLE;
--------------------------------------------------------
--  Ref Constraints for Table CAFE_HAS_FOOD
--------------------------------------------------------

  ALTER TABLE "CAFE"."CAFE_HAS_FOOD" ADD CONSTRAINT "CAFE_HAS_FOOD_CAFE_FK" FOREIGN KEY ("CAFE_ID")
	  REFERENCES "CAFE"."CAFE" ("CAFE_ID") ENABLE;
 
  ALTER TABLE "CAFE"."CAFE_HAS_FOOD" ADD CONSTRAINT "CAFE_HAS_FOOD_FOOD_FK" FOREIGN KEY ("FOOD_ID")
	  REFERENCES "CAFE"."FOOD" ("FOOD_ID") ENABLE;
--------------------------------------------------------
--  Ref Constraints for Table CUSTOMER
--------------------------------------------------------

  ALTER TABLE "CAFE"."CUSTOMER" ADD CONSTRAINT "CUSTOMER_PERSON_FK" FOREIGN KEY ("PERSON_ID")
	  REFERENCES "CAFE"."PERSON" ("PERSON_ID") ENABLE;
--------------------------------------------------------
--  Ref Constraints for Table DONATIONS
--------------------------------------------------------

  ALTER TABLE "CAFE"."DONATIONS" ADD CONSTRAINT "DONATIONS_CAFE_FK" FOREIGN KEY ("CAFE_ID")
	  REFERENCES "CAFE"."CAFE" ("CAFE_ID") ENABLE;
 
  ALTER TABLE "CAFE"."DONATIONS" ADD CONSTRAINT "DONATIONS_CHARITY_FK" FOREIGN KEY ("CHARITY_ID")
	  REFERENCES "CAFE"."CHARITY" ("CHARITY_ID") ENABLE;
--------------------------------------------------------
--  Ref Constraints for Table FOOD_IN_ORDER
--------------------------------------------------------

  ALTER TABLE "CAFE"."FOOD_IN_ORDER" ADD CONSTRAINT "FOOD_IN_ORDER_CAFE_FK" FOREIGN KEY ("CAFE_ID")
	  REFERENCES "CAFE"."CAFE" ("CAFE_ID") ENABLE;
 
  ALTER TABLE "CAFE"."FOOD_IN_ORDER" ADD CONSTRAINT "FOOD_IN_ORDER_FOOD_FK" FOREIGN KEY ("FOOD_ID")
	  REFERENCES "CAFE"."FOOD" ("FOOD_ID") ENABLE;
 
  ALTER TABLE "CAFE"."FOOD_IN_ORDER" ADD CONSTRAINT "FOOD_IN_ORDER_ORDER_FK" FOREIGN KEY ("ORDER_ID")
	  REFERENCES "CAFE"."ORDERS" ("ORDER_ID") ENABLE;
--------------------------------------------------------
--  Ref Constraints for Table MEMBER
--------------------------------------------------------

  ALTER TABLE "CAFE"."MEMBER" ADD CONSTRAINT "MEMBER_ADDRESS_FK" FOREIGN KEY ("BUILDING_NUMBER")
	  REFERENCES "CAFE"."ADDRESS" ("BUILDING_NUMBER") ENABLE;
 
  ALTER TABLE "CAFE"."MEMBER" ADD CONSTRAINT "MEMBER_PERSON_FK" FOREIGN KEY ("PERSON_ID")
	  REFERENCES "CAFE"."PERSON" ("PERSON_ID") ENABLE;
--------------------------------------------------------
--  Ref Constraints for Table MEMBER_BUYS_PRIZE
--------------------------------------------------------

  ALTER TABLE "CAFE"."MEMBER_BUYS_PRIZE" ADD CONSTRAINT "MEMBER_BUYS_PRIZE_MEMBER_FK" FOREIGN KEY ("PERSON_ID")
	  REFERENCES "CAFE"."MEMBER" ("PERSON_ID") ENABLE;
 
  ALTER TABLE "CAFE"."MEMBER_BUYS_PRIZE" ADD CONSTRAINT "MEMBER_BUYS_PRIZE_PRIZE_FK" FOREIGN KEY ("PRIZE_ID")
	  REFERENCES "CAFE"."PRIZE" ("PRIZE_ID") ENABLE;
--------------------------------------------------------
--  Ref Constraints for Table MEMBER_HAS_DISCOUNT
--------------------------------------------------------

  ALTER TABLE "CAFE"."MEMBER_HAS_DISCOUNT" ADD CONSTRAINT "MEMBER_HAS_DISCOUNT_FK" FOREIGN KEY ("CODE")
	  REFERENCES "CAFE"."DISCOUNT" ("CODE") ENABLE;
 
  ALTER TABLE "CAFE"."MEMBER_HAS_DISCOUNT" ADD CONSTRAINT "MEMBER_HAS_DISCOUNT_MEMBER_FK" FOREIGN KEY ("PERSON_ID")
	  REFERENCES "CAFE"."MEMBER" ("PERSON_ID") ENABLE;
--------------------------------------------------------
--  Ref Constraints for Table ORDERS
--------------------------------------------------------

  ALTER TABLE "CAFE"."ORDERS" ADD CONSTRAINT "ORDER_PERSON_FK" FOREIGN KEY ("PERSON_ID")
	  REFERENCES "CAFE"."PERSON" ("PERSON_ID") ENABLE;
--------------------------------------------------------
--  Ref Constraints for Table PROFIT
--------------------------------------------------------

  ALTER TABLE "CAFE"."PROFIT" ADD CONSTRAINT "PROFIT_CAFE_FK" FOREIGN KEY ("CAFE_ID")
	  REFERENCES "CAFE"."CAFE" ("CAFE_ID") ENABLE;
